name,x,y,vx,vy
Earth,4.619238509324782E7,-1.4463624640655074E8,27.968143853288147,8.909295400877086
Venus,-2512374.2669883026,-1.0783560865045334E8,35.060588849084446,-0.8273773431259298
