name,x,y,vx,vy
Earth,6.043058905610691E7,-1.392872120064902E8,26.916407772909384,11.70985496716968
Venus,1.5612556523999501E7,-1.0672955729793024E8,34.69969689732679,5.0843955987862
